-- 질문 데이터
INSERT INTO question (id, category, content, choice_a, choice_b)
VALUES (1, 'self', '과연 당신의 선택은? 둘 중 반드시 하나를 고른다면?', '감자튀김을 간장에 찍먹', '회를 케첩에 찍먹'),
       (2, 'self', '과연 당신의 선택은? 둘 중 반드시 하나를 고른다면?', '팔만대장경 다 읽기', '대장내시경 팔만 번하기'),
       (3, 'self', '과연 당신의 선택은? 둘 중 반드시 하나를 고른다면?', '단톡방에서 고백 받기', '길거리에서 공개 고백 받기'),
       (4, 'self', '과연 당신의 선택은? 둘 중 반드시 하나를 고른다면?', '1m 바퀴벌레와 같이 살기', '10cm 지네 10마리와 같이 살기'),
       (5, 'self', '과연 당신의 선택은? 둘 중 반드시 하나를 고른다면?', '친구 없이 살기', '폰 없이 살기'),
       (6, 'self', '과연 당신의 선택은? 둘 중 반드시 하나를 고른다면?', '사생활 노출', '노출로 생활'),
       (7, 'self', '과연 당신의 선택은? 둘 중 반드시 하나를 고른다면?', '토마토 맛 토', '토 맛 토마토'),
       (8, 'self', '과연 당신의 선택은? 둘 중 반드시 하나를 고른다면?', '20년 동안 인터넷 못하기', '내 인터넷 기록 다 공개하기'),
       (9, 'self', '과연 당신의 선택은? 둘 중 반드시 하나를 고른다면?', '잠 안 자도 멀쩡', '아무리 많이 먹어도 살 안 찜'),
       (10, 'self', '과연 당신의 선택은? 둘 중 반드시 하나를 고른다면?', '평생 피자 꽁다리 빵만 먹기', '평생 치킨 목만 먹기'),
       (11, 'self', '과연 당신의 선택은? 둘 중 반드시 하나를 고른다면?', '겨울에 보일러 없이 살기', '여름에 에어컨 없이 살기'),
       (12, 'self', '과연 당신의 선택은? 둘 중 반드시 하나를 고른다면?', '현재 월급 유지하며 주3일 근무', '현재 월급 2배 받으며 주6일 근무'),
       (13, 'self', '과연 당신의 선택은? 둘 중 반드시 하나를 고른다면?', '100% 확률로 1억 받기', '50% 확률로 10억 받기'),
       (14, 'self', '과연 당신의 선택은? 둘 중 반드시 하나를 고른다면?', '코골이 하는 미래 남편/아내', '이갈이 하는 미래 남편/아내'),
       (15, 'self', '과연 당신의 선택은? 둘 중 반드시 하나를 고른다면?', '탄산 빠진 탄산음료', '녹아서 액체 된 아이스크림'),
       (16, 'self', '과연 당신의 선택은? 둘 중 반드시 하나를 고른다면?', '10원 동전으로 300만 원 받기', '5만원 짜리로 200만 원 받기'),
       (17, 'self', '과연 당신의 선택은? 둘 중 반드시 하나를 고른다면?', '워라밸 좋은 월 200만 원 직장', '워라밸 없는 월 350만 원 직장'),
       (18, 'self', '과연 당신의 선택은? 둘 중 반드시 하나를 고른다면?', '인터넷 20년동안 안 하기', '인터넷 기록 모두 공개하기'),
       (19, 'self', '과연 당신의 선택은? 둘 중 반드시 하나를 고른다면?', '평생 안 자도 안 피곤하기', '평생 먹어도 살 안 찌기'),
       (20, 'self', '과연 당신의 선택은? 둘 중 반드시 하나를 고른다면?', '언제 어떻게 죽을지 알기', '언제 어떻게 죽을지 모르기'),
       (21, 'self', '과연 당신의 선택은? 둘 중 반드시 하나를 고른다면?', '평생 노래 못 듣기', '평생 한식 못 먹기'),
       (22, 'self', '과연 당신의 선택은? 둘 중 반드시 하나를 고른다면?', '미지근한데 탄산 있는 콜라', '시원한데 탄산 없는 콜라'),
       (23, 'self', '과연 당신의 선택은? 둘 중 반드시 하나를 고른다면?', 'TV, OTT 못 보기', '유튜브 못 보기'),
       (24, 'self', '과연 당신의 선택은? 둘 중 반드시 하나를 고른다면?', '태어나자마자 33억 받기', '50살 돼서 100억 받기'),
       (25, 'self', '과연 당신의 선택은? 둘 중 반드시 하나를 고른다면?', '머리 5일 안 감기', '세수 5일 안 하기'),
       (26, 'self', '과연 당신의 선택은? 둘 중 반드시 하나를 고른다면?', '평생 양치 안 하기', '평생 샤워 안 하기'),
       (27, 'self', '과연 당신의 선택은? 둘 중 반드시 하나를 고른다면?', '오이케이크 먹기', '김치케이크 먹기'),
       (28, 'self', '과연 당신의 선택은? 둘 중 반드시 하나를 고른다면?', '요플레 뚜껑 그냥 버리기', '쭈쭈바 꼬다리 그냥 버리기'),
       (29, 'self', '과연 당신의 선택은? 둘 중 반드시 하나를 고른다면?', '평생 두통', '평생 치통'),
       (30, 'self', '과연 당신의 선택은? 둘 중 반드시 하나를 고른다면?', '평생 키 100cm', '평생 몸무게 100kg'),
       (31, 'self', '과연 당신의 선택은? 둘 중 반드시 하나를 고른다면?', '평생 떡만 먹기', '평생 빵만 먹기'),
       (32, 'self', '과연 당신의 선택은? 둘 중 반드시 하나를 고른다면?', '화장실 없고 휴지는 있음', '화장실 있고 휴지가 없음'),
       (33, 'self', '과연 당신의 선택은? 둘 중 반드시 하나를 고른다면?', '엄청 편한데 짝퉁 신발', '명품인데 발 아픈 신발'),
       (34, 'self', '과연 당신의 선택은? 둘 중 반드시 하나를 고른다면?', '월요일 휴가 쓰기', '금요일 휴가 쓰기'),
       (35, 'self', '과연 당신의 선택은? 둘 중 반드시 하나를 고른다면?', '평생 떡볶이만 먹기', '평생 떡볶이만 안 먹기'),
       (36, 'self', '과연 당신의 선택은? 둘 중 반드시 하나를 고른다면?', '웃고 싶을 때 못 웃음', '울고 싶을 때 못 울음'),
       (37, 'self', '과연 당신의 선택은? 둘 중 반드시 하나를 고른다면?', '배터리 5% 와이파이 가능', '배터리 100% 와이파이 불가'),
       (38, 'self', '과연 당신의 선택은? 둘 중 반드시 하나를 고른다면?', '재미없는 비행 1시간', '재밌는 비행 10시간'),
       (39, 'self', '과연 당신의 선택은? 둘 중 반드시 하나를 고른다면?', '사막에서 길 잃기', '북극에서 길 잃기'),
       (40, 'self', '과연 당신의 선택은? 둘 중 반드시 하나를 고른다면?', '평생 아싸로 살기', '평생 사생팬 달고 살기'),
       (41, 'self', '과연 당신의 선택은? 둘 중 반드시 하나를 고른다면?', '입술에 모기 물리기 ', '발바닥에 모기 물리기'),
       (42, 'self', '과연 당신의 선택은? 둘 중 반드시 하나를 고른다면?', '삼겹살에 쌈 못 싸 먹음', '회에 초장 못 찍어 먹음'),
       (43, 'self', '과연 당신의 선택은? 둘 중 반드시 하나를 고른다면?', '만성 여드름 시달리기', '만성 무좀 시달리기'),
       (44, 'self', '과연 당신의 선택은? 둘 중 반드시 하나를 고른다면?', '평생 삭발', '평생 김광규 머리'),
       (45, 'self', '과연 당신의 선택은? 둘 중 반드시 하나를 고른다면?', '한 달에 200 받고 백수', '한 달에 500 받고 직장인'),
       (46, 'self', '과연 당신의 선택은? 둘 중 반드시 하나를 고른다면?', '20살에 100억 받기', '30살에 1000억 받기'),
       (47, 'self', '과연 당신의 선택은? 둘 중 반드시 하나를 고른다면?', '먹는 모든 음식이 뜨거움', '먹는 모든 음식이 차가움'),
       (48, 'self', '과연 당신의 선택은? 둘 중 반드시 하나를 고른다면?', '평생 한식만 먹기', '평생 한식만 빼고 다른 음식 다 먹기'),
       (49, 'self', '과연 당신의 선택은? 둘 중 반드시 하나를 고른다면?', '아무도 내 말 못 듣기', '나만 말할 수 있기'),
       (50, 'self', '과연 당신의 선택은? 둘 중 반드시 하나를 고른다면?', '계속 자도 피곤', '계속 먹어도 배고픔'),
       (51, 'couple', '애인이 애인 절친이 여는 클럽파티에 간다면?', '괜찮아! 다녀와!', '돌았니? 절대 안돼'),
       (52, 'couple', '내 친구가 춥다고 애인에게 겉옷을 빌리려고 하면?', '자기야~옷 좀 빌려줘', '친구야~내 옷 입어!'),
       (53, 'couple', '애인과 내 절친이 몰래 날 위한 이벤트를 한다면?', '어머~감동이야!', '굳이 둘이 만났어?'),
       (54, 'couple', '술자리에서 애인과 친구가 계속 같이 담배 피우러 나가면?', '그래 다녀와!', '왜 같이 가? 따로 가!'),
       (55, 'couple', '1년 사귄 애인이 갑자기 5살 속였다고 말하면?', '5살 정도 뭐 괜찮아!', '그걸 왜 지금 말해?'),
       (56, 'couple', '3주 사귄 애인이 애인 친구 결혼식에 가자면?', '그래! 같이 가자!', '나는 못 갈 것 같애'),
       (57, 'couple', '요리를 못하는 애인이 또 요리를 한다면?', '고마워 잘 먹을게!', '우리 배달시킬까?'),
       (58, 'couple', '중요한 자리에 애인이 노출 많은 옷을 입고 오면?', '일단 가자', '미쳤어? 갈아입고 와!'),
       (59, 'couple', '애인이 10년지기 동성 친구와 우정여행 간다면?', '재밌게 잘 놀다 와!', '여행? 절대 안돼!'),
       (60, 'couple', '절친에게 애인 소개할 때 둘이 알고 있다면?', '어머! 둘이 어떻게 알아?', '둘이 무슨 사이였어?'),
       (61, 'couple', '만난 지 5분 만에 애인이 급한 일로 집에 간다면?', '어쩔 수 없지 뭐 다음에 봐', '너무 서운해 가지마!'),
       (62, 'couple', '애인이 맞춤법을 자꾸 틀리게 카톡 하면?', '자기야! 이렇게 쓰는 거야!', '조용히 해야지'),
       (63, 'couple', '연락 안 되는 애인 SNS에 노는 사진이 올라오면?', 'SNS를 해? 당장 전화 걸어!', '연락 올 때까지 기다려보지 뭐!'),
       (64, 'couple', '애인과 가려는 여행지가 전 애인과 가봤다면?', '너무 좋다!', '다른 곳으로 갈까?'),
       (65, 'couple', '나한테 돈을 잘 안 쓰면서 친구들 밥은 애인이 다 산다면?', '나중에 조용히 말해 봐야겠다', '왜 나한테 돈 안 써?'),
       (66, 'couple', '더 별로인 애인은?', '내 친구 새우 까주는 애인', '내 친구 외투 지퍼 올려주는 애인'),
       (67, 'couple', '폭우인 날 애인이 데리러 오라고 하면?', '1시간 걸리지만 데리러 감', '카카오택시를 불러 줌'),
       (68, 'couple', '내 애인 SNS에 낯선 이성이 계속 댓글을 달면?', '모르는 사람이겠지', '거슬리는데 누구야?'),
       (69, 'couple', '애인에게 빌려준 신용카드, 매달 100만 원 쓴다면?', '당황스럽지만 괜찮아', '정신차려 너 카드 아니야!'),
       (70, 'couple', '애인의 첫사랑이 내 대학교 선배라면?', '오 신기하네!', '너무 거슬려서 짜증나!'),
       (71, 'couple', '애인이 차고 있는 시계가 과거 애인 선물이라면?', '과거니까 괜찮아', '왜 하고 있어? 얼른 빼!'),
       (72, 'couple', '애인이 말 안 하고 탕수육 소스를 모두 부어버린다면?', '처음이니까 봐 줄게', '뿌리지 말라 그랬잖아!'),
       (73, 'couple', '애인이 사람 많은 엘리베이터에서 방구를 낀다면?', '창피하지만 웃는다', '뭐야 창피해'),
       (74, 'couple', '애인이 이성친구와 데이트 코스로 논다면?', '화나지만 재밌게 놀고 와', '데이트 아니야? 절대 안돼!'),
       (75, 'couple', '잘 만나고 있는 애인이 갑자기 채식주의자라면?', '그래? 같이 먹자!', '갑자기? 견딜 수 없어!'),
       (76, 'couple', '애인이 어느 날 권태기라고 시간 갖자면?', '그래 시간을 갖자', '나는 절대 싫어!'),
       (77, 'couple', '애인이 나에게 말없이 성형하고 왔다면?', '이쁘다 잘됐네!', '왜 했어?'),
       (78, 'couple', '새 차인 내 차에 애인이 탈 때마다 음료수 흘리면?', '괜찮아 내가 닦을 게', '조심 좀 해!'),
       (79, 'couple', '비싸게 산 명품을 애인이 일주일 빌려 달라 하면?', '알겠어 조심히 써줘', '이거는 못 빌려줘'),
       (80, 'couple', '애인의 부모님이 결혼을 반대한다면?', '내가 설득해볼 게', '우리는 안되나 봐'),
       (81, 'couple', '애인의 가장 절친이 나를 별로라고 한다면?', '괜찮아 난 신경 안 써!', '내가 어때서!'),
       (82, 'couple', '데이트 날 애인이 2일동안 안 씻은 채로 나온다면?', '괜찮아 데이트하자!', '냄새 나! 씻고 와!'),
       (83, 'couple', '돈 빌린 애인이 자꾸 돈 갚는 날을 미룬다면?', '사정이 있겠지!', '왜 미뤄? 돈 갚아!'),
       (84, 'couple', '내가 아끼는 옷에 애인이 커피를 쏟으면?', '빨면 괜찮아', '조심 좀 하지'),
       (85, 'couple', '우연히 만난 애인의 전 애인이 애인에게 인사한다면?', '화나지만 가만히 있자', '인사 하지마!'),
       (86, 'couple', '이제 사귀는 애인이 내 과거를 계속 캐묻는다면?', '지겹지만 다 말해줘야지', '그만 물어봐!'),
       (87, 'couple', '둘 중에 더 별로인 애인은?', '이성친구와 1박2일 놀러가는 애인', '전 애인과 밤새 술 마시는 애인'),
       (88, 'couple', '내 애인이 결혼 후 50kg 넘게 찌면?', '그래도 귀여워', '우리 살 빼자'),
       (89, 'couple', '만나는 애인이 점점 대머리가 된다면?', '가발을 사주고 계속 만남', '슬프지만 헤어진다'),
       (90, 'couple', '애인이 계속 시험에 떨어져서 평생 백수라면?', '괜찮아! 내가 돈 벌게!', '슬프지만 헤어진다'),
       (91, 'couple', '데이트하는 애인이 편식쟁이라 음식을 계속 가리면?', '다른 거로 먹을까?', '그냥 먹어!'),
       (92, 'couple', '다이어트 중인데 옆에서 애인이 치맥 먹으면?', '맛있어? 좋겠다..', '딴 데 가서 먹어!'),
       (93, 'couple', '애인이 빌린 내 차가 사고가 나서 고장 난다면?', '안 다쳤어?', '내 차인데 조심하지!'),
       (94, 'couple', '애인이 애인 절친이 여는 클럽파티에 간다면?', '괜찮아! 다녀와!', '돌았니? 절대 안돼'),
       (95, 'couple', '애인이 로또 1등 당첨되고 말을 안 한다면?', '오! 축하해!', '나한테 왜 말 안 해줬어?'),
       (96, 'couple', '갑자기 회식 잡힌 날이 애인 생일이라 못 만난다면?', '미안해 다음에 볼까?', '회식이 죄는 아니잖아!'),
       (97, 'couple', '애인과 싸우고 잠깐 헤어진 틈에 다른 이성이 접근한다면?', '한번 만나볼까?', '다가오지 마세요'),
       (98, 'couple', '애인이 운전할 때 신호 무시하면?', '조심해야 한다고 말한다', '우리 둘 다 안전띠 착용!'),
       (99, 'couple', '애인이 예쁜 음식을 주문한 뒤 나랑 나눠먹어야 한다면?', '나도 한 입 먹고 줄게!', '내가 좀 더 먹을래!'),
       (100, 'couple', '애인이 대화 중에 스마트폰을 만지작거리면?', '무슨 일 있어? 도와줄까?', '나한테 집중해줘!'),
       (101, 'couple', '애인이 우리 사귀는 걸 인스타에 비공개로 등록하면?', '왜 비공개로 해? 공개로 해!', '비공개로 해도 상관 없어'),
       (102, 'couple', '애인이 나를 싫어하는 동안 어떻게 지내야 하나요?', '어떻게든 헤어지는 게 좋아요', '다시 좋아질 때까지 기다려야 한다.'),
       (103, 'friend', '내가 오랫동안 찾은 예쁜 옷, 친구가 따라 산다면?', '그래그래 사!', '다른 거 사면 안되니?'),
       (104, 'friend', '결혼한다고 갑자기 연락 온 동창, 축의금 계산은?', '결혼식 안가고 10만 원 할래', '결혼식 참석하고 5만원 할래'),
       (105, 'friend', '휴대폰 고장 났을 때 더 화나는 건?', '전화는 되는데 카톡안됨', '카톡은 되는데 전화 안 됨'),
       (106, 'friend', '인생에서 절친을 만나는 방식을 선택하면?', '1년에 하루 만나기', '매일매일 만나기'),
       (107, 'friend', '내 친구와 급 여행한다면?', '짧지만 강력한 1박 2일 해외여행', '여유 있는 1주일 국내여행'),
       (108, 'friend', '내가 견딜 수 있는 건?', '내 친구 빡빡 씻겨 주기', '친구가 날 빡빡 씻겨 주기'),
       (109, 'friend', '우연히 출연한 유퀴즈에서 백만 원 상금을 받는다면?', '오예! 오늘 다 쓰자!', '우리 반띵하자'),
       (110, 'friend', '최애 아이돌 팬 미팅에서 더 최악인 상황은?', '최애 만났는데 환상 다 깨지기', '최애 만났는데 내 흑역사 만들기'),
       (111, 'friend', '소개팅을 나갔다! 상대방 조건을 선택하면?', '완전 이상형이지만 말 없는 사람', '이상형은 아닌데 너무 재밌는 사람'),
       (112, 'friend', '더 최악인 실수는?', '신입생 단톡에서 실수하기', '교수님 메일에서 실수하기'),
       (113, 'friend', '딱 한 사람과 연애한다면?', '매일 항상 설레는 연애', '친구처럼 편안한 연애'),
       (114, 'friend', '둘 중 반드시 하나만 고른다면?', '친구 전 애인이랑 사귀기', '전 애인 친구랑 사귀기'),
       (115, 'friend', '내 과거 애인이 환승연애에 나가자고 하면?', '그래! 나가보자', '제정신이니? 왜 나가!'),
       (116, 'friend', '시험 문제 틀렸을 때 더 미련 남는 건?', '아는 문제 틀리기', '고친 문제 틀리기'),
       (117, 'friend', '해외여행 갔다 온 친구가 선물을 준다면?', '여행지 느낌 물씬 나는 현지 기념품', '실용적인 면세점 선물'),
       (118, 'friend', '룸메이트를 선택한다면?', '일주일에 한 번만 씻는 룸메', '맨날 코 고는 룸메'),
       (119, 'friend', '여행 가서 더 최악인 친구는?', '놀러 갔는데 방에만 있는 친구', '놀러가서 음식 가리는 친구'),
       (120, 'friend', '만났을 때 더 별로인 친구는?', '핸드폰만 하는 친구', '돈은 절대 안 쓰는 친구'),
       (121, 'friend', '집 가는 방향이 같은 친구가 혼자 에어팟 껴도?', '나도 껴야지', '우리 수다 떨자'),
       (122, 'friend', '너의 이상형을 선택한다면?', '계획적인 사람', '즉흥적인 사람'),
       (123, 'friend', '둘 중 하나를 반드시 선택해야 한다면?', '친구없이 살기', '스마트폰 없이 살기'),
       (124, 'friend', '둘 중에 더 무서운 것은?', '침대 밑에 귀신', '침대 밑에 사람'),
       (125, 'friend', '둘 중 하나를 반드시 선택해야 한다면?', '내가 좋아하는 사람이 날 싫어하기', '내가 싫은 사람이 날 좋아하기'),
       (126, 'friend', '둘 중 하나를 반드시 선택해야 한다면?', '50% 확률로 10억받기', '그냥 천만 원 받기'),
       (127, 'friend', '둘 중 하나를 반드시 선택해야 한다면?', '소개팅남 앞에서 방귀 뀌기', '대장 내시경 받은 의사랑 소개팅'),
       (128, 'friend', '둘 중 하나를 반드시 선택해야 한다면?', '절친에게 꼬리치는 애인', '애인에게 꼬리치는 절친'),
       (129, 'friend', '둘 중 하나를 반드시 선택해야 한다면?', '털 엄청 많기', '털 하나도 없기'),
       (130, 'friend', '둘 중 하나를 반드시 선택해야 한다면?', '트름할 때 방귀 소리', '방구 뀔 때 트림 소리'),
       (131, 'friend', '둘 중 하나를 반드시 선택해야 한다면?', '친구 애인과 바람', '애인의 친구와 바람'),
       (132, 'friend', '둘 중 하나를 반드시 선택해야 한다면?', '브레인 팀에서 무력감 느끼기', '팀 내 유일한 에이스 되기'),
       (133, 'friend', '둘 중 하나를 반드시 선택해야 한다면?', '절대 못 앉는 버스 30분 출퇴근', '텅 빈 버스 90분 출퇴근'),
       (134, 'friend', '둘 중 하나를 반드시 선택해야 한다면?', '친구 팬티 안에 내 손', '내 팬티 안에 친구 손'),
       (135, 'friend', '둘 중 하나를 반드시 선택해야 한다면?', '다 천재인 팀에서 자괴감 느끼기', '나만 혼자 일하는 팀에서 일하기'),
       (136, 'friend', '둘 중 하나를 반드시 선택해야 한다면?', '발 냄새 나는 친구 앞자리', '방귀 뀌는 친구 뒷자리'),
       (137, 'friend', '둘 중 하나를 반드시 선택해야 한다면?', '클렌징 폼으로 양치하기', '치약으로 세수하기'),
       (138, 'friend', '둘 중 하나를 반드시 선택해야 한다면?', '평생 대중교통 무료', '2년에 1번 비행기 무료'),
       (139, 'friend', '둘 중 하나를 반드시 선택해야 한다면?', '카페 평생 무료이용', '교통비 평생 무료이용'),
       (140, 'friend', '둘 중 하나를 반드시 선택해야 한다면?', '원하는 얼굴로 다시 태어나기', '평생 이상형과 연애하기'),
       (141, 'friend', '한 명과 반드시 결혼해야 한다면?', '100억 있는 집안 원수', '100억 빚 있는 이상형'),
       (142, 'friend', '더 힘들어보이는 사람과 더 힘든 상황은?', '영어로 먼저 말하기', '내가 영어로 먼저 말하기'),
       (143, 'friend', '아침에 꼭 필요한 것은?', '마지막 통화한 친구 목소리', '내 목소리'),
       (144, 'friend', '반려견을 반드시 키운다면?', '화풀이로 주인 밥을 다 먹기', '화풀이로 반려견 밥 다 먹기'),
       (145, 'friend', '한 가지 힘든 일을 선택한다면?', '24시간 동안 화장실 못 가기', '24시간 동안 음식 못 먹기'),
       (146, 'friend', '생일 선물로 더 반가운 건?', '생일 축하 노래와 함께 선물 받기', '축하해주는 사람과 함께 선물 받기'),
       (147, 'friend', '퇴근길 더 힘든 상황은?', '배고프지만 바로 집에 가야 함', '집에 바로 가고 싶지만 배고픔'),
       (148, 'friend', '둘 중 하나를 반드시 선택해야 한다면?', '10분만 기다리기', '10분 동안 누워있기'),
       (149, 'friend', '둘 중 하나를 반드시 선택해야 한다면?', '매일 학교 가는 게 더 힘들기', '한 달에 한 번 학교 가기'),
       (150, 'friend', '갑자기 친구에게 미안한 일이 생기면?', '내 친구한테 미안하단 말하기', '더 열심히 도움 주기');

-- 질문 결과 데이터
INSERT INTO question_result (id, question_id)
VALUES (1, 1),
       (2, 2),
       (3, 3),
       (4, 4),
       (5, 5),
       (6, 6),
       (7, 7),
       (8, 8),
       (9, 9),
       (10, 10),
       (11, 11),
       (12, 12),
       (13, 13),
       (14, 14),
       (15, 15),
       (16, 16),
       (17, 17),
       (18, 18),
       (19, 19),
       (20, 20),
       (21, 21),
       (22, 22),
       (23, 23),
       (24, 24),
       (25, 25),
       (26, 26),
       (27, 27),
       (28, 28),
       (29, 29),
       (30, 30),
       (31, 31),
       (32, 32),
       (33, 33),
       (34, 34),
       (35, 35),
       (36, 36),
       (37, 37),
       (38, 38),
       (39, 39),
       (40, 40),
       (41, 41),
       (42, 42),
       (43, 43),
       (44, 44),
       (45, 45),
       (46, 46),
       (47, 47),
       (48, 48),
       (49, 49),
       (50, 50),
       (51, 51),
       (52, 52),
       (53, 53),
       (54, 54),
       (55, 55),
       (56, 56),
       (57, 57),
       (58, 58),
       (59, 59),
       (60, 60),
       (61, 61),
       (62, 62),
       (63, 63),
       (64, 64),
       (65, 65),
       (66, 66),
       (67, 67),
       (68, 68),
       (69, 69),
       (70, 70),
       (71, 71),
       (72, 72),
       (73, 73),
       (74, 74),
       (75, 75),
       (76, 76),
       (77, 77),
       (78, 78),
       (79, 79),
       (80, 80),
       (81, 81),
       (82, 82),
       (83, 83),
       (84, 84),
       (85, 85),
       (86, 86),
       (87, 87),
       (88, 88),
       (89, 89),
       (90, 90),
       (91, 91),
       (92, 92),
       (93, 93),
       (94, 94),
       (95, 95),
       (96, 96),
       (97, 97),
       (98, 98),
       (99, 99),
       (100, 100),
       (101, 101),
       (102, 102),
       (103, 103),
       (104, 104),
       (105, 105),
       (106, 106),
       (107, 107),
       (108, 108),
       (109, 109),
       (110, 110),
       (111, 111),
       (112, 112),
       (113, 113),
       (114, 114),
       (115, 115),
       (116, 116),
       (117, 117),
       (118, 118),
       (119, 119),
       (120, 120),
       (121, 121),
       (122, 122),
       (123, 123),
       (124, 124),
       (125, 125),
       (126, 126),
       (127, 127),
       (128, 128),
       (129, 129),
       (130, 130),
       (131, 131),
       (132, 132),
       (133, 133),
       (134, 134),
       (135, 135),
       (136, 136),
       (137, 137),
       (138, 138),
       (139, 139),
       (140, 140),
       (141, 141),
       (142, 142),
       (143, 143),
       (144, 144),
       (145, 145),
       (146, 146),
       (147, 147),
       (148, 148),
       (149, 149),
       (150, 150);

INSERT INTO comment (id, question_id, username, password, content)
VALUES (1, 1, 'donggi', 'password123', '이것은 1번째 댓글입니다.'),
       (2, 1, 'donggi', 'password123', '이것은 2번째 댓글입니다.'),
       (3, 1, 'donggi', 'password123', '이것은 3번째 댓글입니다.'),
       (4, 2, 'heonjae', 'password123', '이것은 4번째 댓글입니다.'),
       (5, 2, 'heonjae', 'password123', '이것은 5번째 댓글입니다.'),
       (6, 2, 'heonjae', 'password123', '이것은 6번째 댓글입니다.'),
       (7, 3, 'subin', 'password123', '이것은 7번째 댓글입니다.'),
       (8, 3, 'subin', 'password123', '이것은 8번째 댓글입니다.'),
       (9, 3, 'subin', 'password123', '이것은 9번째 댓글입니다.'),
       (10, 4, 'jina', 'password123', '이것은 10번째 댓글입니다.'),
       (11, 4, 'jina', 'password123', '이것은 11번째 댓글입니다.'),
       (12, 4, 'jina', 'password123', '이것은 12번째 댓글입니다.'),
       (13, 5, 'heonjae', 'password123', '이것은 13번째 댓글입니다.'),
       (14, 5, 'heonjae', 'password123', '이것은 14번째 댓글입니다.'),
       (15, 5, 'heonjae', 'password123', '이것은 15번째 댓글입니다.'),
       (16, 6, 'subin', 'password123', '이것은 16번째 댓글입니다.'),
       (17, 6, 'subin', 'password123', '이것은 17번째 댓글입니다.'),
       (18, 6, 'subin', 'password123', '이것은 18번째 댓글입니다.'),
       (19, 7, 'jina', 'password123', '이것은 19번째 댓글입니다.'),
       (20, 7, 'jina', 'password123', '이것은 20번째 댓글입니다.'),
       (21, 7, 'jina', 'password123', '이것은 21번째 댓글입니다.'),
       (22, 8, 'donggi', 'password123', '이것은 22번째 댓글입니다.'),
       (23, 8, 'heonjae', 'password123', '이것은 23번째 댓글입니다.'),
       (24, 8, 'subin', 'password123', '이것은 24번째 댓글입니다.'),
       (25, 9, 'jina', 'password123', '이것은 25번째 댓글입니다.'),
       (26, 9, 'donggi', 'password123', '이것은 26번째 댓글입니다.'),
       (27, 9, 'heonjae', 'password123', '이것은 27번째 댓글입니다.'),
       (28, 10, 'subin', 'password123', '이것은 28번째 댓글입니다.'),
       (29, 10, 'beside', 'password123', '이것은 29번째 댓글입니다.'),
       (30, 10, 'heonjae', 'password123', '이것은 30번째 댓글입니다.'),
       (31, 11, 'jina', 'password123', '이것은 31번째 댓글입니다.');
