-- 질문 데이터
INSERT INTO question (id, category, content, choice_a, choice_b)
    VALUES (1, 'self', '과연 당신의 선택은? 둘 중 반드시 하나를 고른다면?', '감자튀김을 간장에 찍먹', '회를 케첩에 찍먹'),
           (2, 'self', '과연 당신의 선택은? 둘 중 반드시 하나를 고른다면?', '팔만대장경 다 읽기', '대장내시경 팔만 번하기'),
           (3, 'self', '과연 당신의 선택은? 둘 중 반드시 하나를 고른다면?', '단톡방에서 고백 받기', '길거리에서 공개 고백 받기'),
           (4, 'self', '과연 당신의 선택은? 둘 중 반드시 하나를 고른다면?', '1m 바퀴벌레와 같이 살기', '10cm 지네 10마리와 같이 살기'),
           (5, 'self', '과연 당신의 선택은? 둘 중 반드시 하나를 고른다면?', '친구 없이 살기', '폰 없이 살기'),
           (6, 'self', '과연 당신의 선택은? 둘 중 반드시 하나를 고른다면?', '사생활 노출', '노출로 생활'),
           (7, 'self', '과연 당신의 선택은? 둘 중 반드시 하나를 고른다면?', '토마토 맛 토', '토 맛 토마토'),
           (8, 'self', '과연 당신의 선택은? 둘 중 반드시 하나를 고른다면?', '20년 동안 인터넷 못하기', '내 인터넷 기록 다 공개하기'),
           (9, 'self', '과연 당신의 선택은? 둘 중 반드시 하나를 고른다면?', '잠 안 자도 멀쩡', '아무리 많이 먹어도 살 안 찜'),
           (10, 'self', '과연 당신의 선택은? 둘 중 반드시 하나를 고른다면?', '평생 피자 꽁다리 빵만 먹기', '평생 치킨 목만 먹기'),
           (11, 'couple', '애인이 애인 절친이 여는 클럽파티에 간다면?', '괜찮아! 다녀와!', '돌았니? 절대 안돼'),
           (12, 'couple', '내 친구가 춥다고 애인에게 겉옷을 빌리려고 하면?', '자기야~옷 좀 빌려줘', '친구야~ 내 옷 입어!'),
           (13, 'couple', '애인과 내 절친이 몰래 날 위한 이벤트를 한다면?', '어머~감동이야!!', '굳이 둘이 만났어??'),
           (14, 'couple', '술자리에서 애인과 친구가 계속 같이 담배 피우러 나 가면?', '그래 그래 다녀와!', '왜 같이 가? 따로 가!'),
           (15, 'couple', '1년 사귄 애인이 갑자기 5살 속였다고 말하면?', '5살 정도 뭐 괜찮아!', '그걸 왜 지금 말해??'),
           (16, 'couple', '3주 사귄 애인이 애인 친구 결혼식에 가자면?', '그래 ! 같이 가자!', '미안.. 나는 못 갈것 같애'),
           (17, 'couple', '요리를 못하는 애인이 또 요리를 한다면?', '고마워 잘 먹을게!', '우리 배달시킬까?'),
           (18, 'couple', '중요한 자리에 애인이 노출 많은 옷을 입고 오면?', '일단 가자...', '미쳤어?? 갈아입고 와!'),
           (19, 'couple', '애인이 10년지기 동성 친구와 우정여행 간다면?', '재밌게 잘 놀다 와!', '여행? 절대 안돼!'),
           (20, 'couple', '절친에게 애인소개할 때 둘이 알고 있다면?', '어머! 둘이 어떻게 알아?', '둘이 무슨 사이였어?'),
           (21, 'random', '집 가는 방향이 같은 친구가 혼자 에어팟 껴도?', '나도 껴야지!', '야야 수다 떨자 끼지마!'),
           (22, 'random', '너의 이상형을 선택한다면?', '계획적인 사람', '즉흥적인 사람'),
           (23, 'random', '둘 중 반드시 하나를 고른다면?', '친구없이 살기', '스마트폰 없이 살기'),
           (24, 'random', '둘 중에 더 무서운 것은?', '침대 밑에 귀신', '침대 밑에 사람'),
           (25, 'random', '둘 중 반드시 하나를 고른다면?', '내가 좋아하는 사람이 날 싫어하기', '내가 싫은 사람이 날 좋아하기'),
           (26, 'random', '둘 중 반드시 하나를 고른다면?', '50% 확률로 10억받기', '그냥 천만 원 받기'),
           (27, 'random', '과연 당신의 선택은? 둘 중 반드시 하나를 고른다면?', '요플레 뚜껑 그냥 버리기', '쭈쭈바 꼬다리 그냥 버리기'),
           (28, 'random', '과연 당신의 선택은? 둘 중 반드시 하나를 고른다면?', '평생 두통', '평생 치통'),
           (29, 'random', '과연 당신의 선택은? 둘 중 반드시 하나를 고른다면?', '평생 키 100cm', '평생 몸무게 100kg'),
           (30, 'random', '과연 당신의 선택은? 둘 중 반드시 하나를 고른다면?', '평생 떡만 먹기', '평생 빵만 먹기'),
           (31, 'friend', '내가 오랫동안 찾은 예쁜 옷, 친구가 따라 산다면?', '그래그래 사!', '다른 거 사면 안되니 ?'),
           (32, 'friend', '결혼한다고 갑자기 연락 온 동창, 축의금 계산은?', '결혼식 안가고 10만 원 할래', '결혼식 참석하고 5만원 할래'),
           (33, 'friend', '휴대폰 고장 났을 때 더 화나는 건?', '전화는 되는데 카톡안됨', '카톡은 되는데 전화 안 됨'),
           (34, 'friend', '인생에서 절친을 만나는 방식을 선택하면?', '1년에 하루 만나기', '매일매일 만나기'),
           (35, 'friend', '내 친구와 급 여행한다면?', '짧지만 강력한 1박 2일 해외여행', '여유 있는 1주일 국내여행'),
           (36, 'friend', '내가 견딜 수 있는 건?', '내 친구 빡빡 씻겨 주기', '친구가 날 빡빡 씻겨 주기'),
           (37, 'friend', '우연히 출연한 유퀴즈에서 백만 원 상금을 받는다면?', '오예! 오늘 다 써버리 자 !', '우리 반띵하자 !'),
           (38, 'friend', '최애 아이돌 팬 미팅에서 더 최악인 상황은?', '최애 만났는데 환상 다 깨지기', '최애 만났는데 내 흑역사 만들기'),
           (39, 'friend', '소개팅을 나갔다! 상대방 조건을 선택하면?', '완전 이상형이지만 말 없는 사람', '이상형은 아닌데 너무 재밌는 사람'),
           (40, 'friend', '더 최악인 실수는?', '신입생 단톡에서 실수하기', '교수님 메일에서 실수하기'),
           (41, 'username', '내 친구가 갑자기 내 애인의 햇빛을 가려준다면?', '뭐 그럴 수 있지', '이건 선 넘었지'),
           (42, 'usermade', '내 친구가 돈을 빌렸는데 갑자기 잠수 탄다면?', '사정이 있겠지', '뭐야 미친 거 아냐??'),
           (43, 'usermade', '하나만 선택한다면?', '내가 좋아하는 사람', '나를 좋아하는 사람'),
           (44, 'usermade', '남친이 전여친과 동거 사실을 숨긴다면?', '과거이니까 괜찮아', '왜 숨긴 거야?? 화낸다'),
           (45, 'usermade', '둘 중 반드시 하나를 고른다면?', '행복했던 때 다시 즐기기', '쪽팔렸던 거 다시 고치고 오기'),
           (46, 'usermade', '평생 고기 못 먹는 대신 1억을 받는다면?', '그래도 고기는 먹어야지', '1억 받겠습니다'),
           (47, 'usermade', '둘 중 반드시 하나를 고른다면?', '언제 죽을지 선택하기', '어떻게 죽을지 알기'),
           (48, 'usermade', '둘 중 반드시 하나를 고른다면?', '겨울에 차가운 것만 먹고 살기', '여름에 뜨거운 것만 먹고 살기'),
           (49, 'usermade', '둘 중 반드시 하나를 고른다면?', '바퀴벌레 180마리랑 살기', '180cm 바퀴벌레 1마리랑 살기'),
           (50, 'usermade', '내가 연예인이라면?', '악마의 편집', '통편집');

-- 질문 결과 데이터
INSERT INTO question_result (id, question_id)
    VALUES (1, 1),
           (2, 2),
           (3, 3),
           (4, 4),
           (5, 5),
           (6, 6),
           (7, 7),
           (8, 8),
           (9, 9),
           (10, 10),
           (11, 11),
           (12, 12),
           (13, 13),
           (14, 14),
           (15, 15),
           (16, 16),
           (17, 17),
           (18, 18),
           (19, 19),
           (20, 20),
           (21, 21),
           (22, 22),
           (23, 23),
           (24, 24),
           (25, 25),
           (26, 26),
           (27, 27),
           (28, 28),
           (29, 29),
           (30, 30),
           (31, 31),
           (32, 32),
           (33, 33),
           (34, 34),
           (35, 35),
           (36, 36),
           (37, 37),
           (38, 38),
           (39, 39),
           (40, 40),
           (41, 41),
           (42, 42),
           (43, 43),
           (44, 44),
           (45, 45),
           (46, 46),
           (47, 47),
           (48, 48),
           (49, 49),
           (50, 50);

INSERT INTO comment (id, question_id, username, password, content)
    VALUES (1, 1, 'donggi', 'password123', '이것은 1번째 댓글입니다.'),
           (2, 1, 'donggi', 'password123', '이것은 2번째 댓글입니다.'),
           (3, 1, 'donggi', 'password123', '이것은 3번째 댓글입니다.'),
           (4, 2, 'heonjae', 'password123', '이것은 4번째 댓글입니다.'),
           (5, 2, 'heonjae', 'password123', '이것은 5번째 댓글입니다.'),
           (6, 2, 'heonjae', 'password123', '이것은 6번째 댓글입니다.'),
           (7, 3, 'subin', 'password123', '이것은 7번째 댓글입니다.'),
           (8, 3, 'subin', 'password123', '이것은 8번째 댓글입니다.'),
           (9, 3, 'subin', 'password123', '이것은 9번째 댓글입니다.'),
           (10, 4, 'jina', 'password123', '이것은 10번째 댓글입니다.'),
           (11, 4, 'jina', 'password123', '이것은 11번째 댓글입니다.'),
           (12, 4, 'jina', 'password123', '이것은 12번째 댓글입니다.'),
           (13, 5, 'heonjae', 'password123', '이것은 13번째 댓글입니다.'),
           (14, 5, 'heonjae', 'password123', '이것은 14번째 댓글입니다.'),
           (15, 5, 'heonjae', 'password123', '이것은 15번째 댓글입니다.'),
           (16, 6, 'subin', 'password123', '이것은 16번째 댓글입니다.'),
           (17, 6, 'subin', 'password123', '이것은 17번째 댓글입니다.'),
           (18, 6, 'subin', 'password123', '이것은 18번째 댓글입니다.'),
           (19, 7, 'jina', 'password123', '이것은 19번째 댓글입니다.'),
           (20, 7, 'jina', 'password123', '이것은 20번째 댓글입니다.'),
           (21, 7, 'jina', 'password123', '이것은 21번째 댓글입니다.'),
           (22, 8, 'donggi', 'password123', '이것은 22번째 댓글입니다.'),
           (23, 8, 'heonjae', 'password123', '이것은 23번째 댓글입니다.'),
           (24, 8, 'subin', 'password123', '이것은 24번째 댓글입니다.'),
           (25, 9, 'jina', 'password123', '이것은 25번째 댓글입니다.'),
           (26, 9, 'donggi', 'password123', '이것은 26번째 댓글입니다.'),
           (27, 9, 'heonjae', 'password123', '이것은 27번째 댓글입니다.'),
           (28, 10, 'subin', 'password123', '이것은 28번째 댓글입니다.'),
           (29, 10, 'beside', 'password123', '이것은 29번째 댓글입니다.'),
           (30, 10, 'heonjae', 'password123', '이것은 30번째 댓글입니다.'),
           (31, 11, 'jina', 'password123', '이것은 31번째 댓글입니다.');
